hours_studied,attendance_percent,practice_exam_score,passed
1,73,73,0
16,73,89,1
13,87,87,1
9,88,70,1
9,72,35,1
18,73,53,1
1,84,81,1
14,68,47,1
4,73,65,0
1,79,75,0
11,90,92,1
20,71,61,1
15,56,60,1
15,55,69,1
15,63,75,1
16,62,68,1
10,76,86,1
2,64,58,1
17,70,72,1
9,69,77,1
10,73,64,1
7,94,83,0
3,86,72,1
19,78,82,1
16,72,73,1
13,73,76,1
8,82,61,0
17,85,61,1
11,67,88,1
9,78,80,1
9,54,55,1
4,81,73,1
1,87,34,1
11,75,61,1
18,100,84,1
1,67,68,0
18,81,72,1
17,78,30,1
5,77,64,0
13,77,75,1
3,79,77,1
15,88,84,1
14,95,67,1
7,78,68,1
1,88,50,1
20,70,67,1
9,87,51,1
18,69,42,1
14,91,54,1
16,100,93,1
15,77,66,1
4,52,73,0
7,71,62,0
9,93,43,1
10,85,84,1
0,81,37,1
11,90,62,1
3,84,69,1
15,93,73,1
14,89,59,1
19,96,42,1
15,82,58,1
7,89,59,0
20,74,58,1
8,71,85,1
6,98,52,1
19,81,75,1
7,88,72,0
1,79,84,1
9,71,68,1
16,78,82,1
3,95,67,1
9,85,77,1
2,57,47,0
14,75,30,0
9,99,76,1
6,75,76,0
4,56,77,1
11,100,62,1
14,86,92,1
19,77,63,1
9,74,76,1
3,91,79,1
17,71,96,1
13,92,65,1
14,85,60,1
2,81,48,1
6,80,93,1
16,76,76,1
17,91,77,1
9,68,100,0
16,59,75,1
17,85,50,1
8,86,67,0
18,84,55,1
6,83,64,1
5,74,64,1
14,87,61,0
13,77,49,1
2,72,94,1
17,74,74,1
4,100,67,0
16,57,81,1
0,84,77,1
16,58,74,1
16,77,80,1
16,73,72,1
13,53,80,1
9,83,81,1
14,73,72,1
5,53,67,0
16,88,93,1
11,95,63,1
9,96,76,1
10,82,76,1
11,79,61,1
0,94,58,1
2,98,65,0
5,92,63,0
2,67,48,0
9,80,60,1
14,83,74,1
13,56,89,1
9,84,78,1
17,100,31,1
11,86,80,1
1,96,62,1
16,80,77,1
12,77,70,1
13,83,67,1
11,68,68,1
11,66,70,1
1,93,90,1
11,94,70,1
16,66,86,1
6,90,84,1
12,77,80,1
0,82,43,0
7,84,87,1
9,90,63,1
20,79,81,1
4,95,55,1
5,82,52,1
8,85,100,1
20,68,56,1
17,100,87,1
0,84,72,1
4,87,64,0
17,59,69,1
1,68,50,0
17,93,70,1
5,81,54,0
19,55,64,1
6,90,84,1
9,71,74,1
13,95,48,1
2,77,83,1
11,80,70,1
10,92,62,1
16,67,81,1
20,66,67,1
13,76,53,1
8,88,98,1
8,62,70,1
8,58,69,1
17,88,64,1
6,71,88,1
3,73,62,1
7,56,47,1
0,70,60,1
2,78,90,1
1,89,82,0
16,69,66,1
15,98,91,1
14,70,81,1
9,70,66,0
15,96,68,1
3,81,75,0
18,71,58,1
10,76,70,1
19,94,75,1
3,96,45,1
10,68,67,1
14,77,65,1
10,79,85,1
9,66,42,1
3,77,64,0
8,78,63,1
5,92,84,1
6,92,69,1
14,74,97,1
13,75,80,1
12,86,64,0
7,71,74,0
20,85,65,1
1,77,83,0
7,66,50,1
2,67,58,0
7,95,77,1
20,76,88,1
7,98,37,1
19,72,91,1
10,81,68,1
14,100,42,1
9,65,30,1
5,55,47,0
16,93,70,1
20,68,69,1
5,78,79,1
16,71,62,1
5,81,53,1
15,67,64,1
16,76,71,1
9,83,73,1
15,66,58,1
5,70,84,1
1,74,61,0
2,61,57,1
9,73,62,1
18,79,86,1
2,73,68,0
9,75,60,1
14,78,84,1
4,70,100,1
15,86,73,1
6,95,89,1
16,72,86,1
12,84,61,1
11,75,70,1
3,82,51,0
9,97,67,1
17,84,61,1
0,57,64,0
15,83,59,1
10,93,66,1
15,75,78,1
13,90,68,1
9,70,42,1
6,60,59,1
13,80,47,1
2,57,74,1
12,75,78,1
1,93,74,1
13,55,58,1
13,63,74,1
1,66,63,0
15,77,53,1
8,74,81,0
16,95,82,1
0,89,84,1
3,84,61,0
10,80,88,1
3,83,63,0
6,68,80,1
13,88,62,1
3,65,67,0
14,88,34,1
2,92,65,0
3,81,71,0
12,76,64,1
16,83,96,1
3,44,53,0
6,82,62,1
19,77,56,1
20,77,62,1
12,86,85,1
9,77,92,1
7,64,59,1
12,76,59,1
12,79,53,1
6,79,90,0
0,80,87,0
3,90,68,1
20,65,49,1
8,80,50,0
10,93,73,0
9,57,78,1
16,80,39,1
1,71,65,1
1,74,94,1
5,67,67,1
10,76,92,1
14,100,80,1
10,63,54,1
9,64,66,1
19,62,68,1
3,99,56,0
12,72,55,1
11,78,93,1
9,73,55,1
16,67,86,1
5,75,63,0
20,100,70,1
6,95,78,1
11,68,61,1
10,86,79,1
17,68,39,1
9,57,77,1
5,90,33,1
0,92,67,0
7,91,83,1
17,72,79,1
0,76,51,0
18,87,52,1
11,83,60,1
2,73,73,1
6,59,40,1
11,79,70,1
6,91,75,1
2,64,66,1
13,86,78,1
14,82,73,1
2,87,62,1
5,88,41,0
5,70,72,1
13,59,56,1
15,72,61,1
15,89,77,1
19,71,91,1
16,70,69,1
6,56,78,1
2,99,48,1
12,88,74,1
19,87,69,1
20,90,88,1
4,85,62,1
4,75,66,1
0,76,86,1
2,73,69,0
11,100,53,1
11,85,100,1
7,72,54,1
6,84,69,1
17,66,75,1
9,96,74,1
16,70,67,1
20,84,67,1
6,91,66,1
4,83,53,0
20,79,100,1
13,78,67,1
6,77,79,1
13,71,65,1
10,73,65,1
19,96,63,1
5,77,47,0
20,69,68,1
19,72,64,1
3,91,88,1
3,86,52,1
11,85,61,1
0,75,57,0
6,85,92,1
9,70,57,1
20,75,78,1
20,90,85,1
3,88,68,0
18,66,49,1
1,68,50,0
15,79,83,1
17,99,51,1
18,55,76,1
4,81,72,1
18,61,76,1
2,70,77,1
10,74,56,1
9,73,55,1
6,72,81,1
0,78,61,1
16,72,30,1
7,60,80,1
13,87,54,1
8,87,77,1
7,88,91,1
18,60,70,1
1,82,85,0
15,86,72,1
15,66,94,1
7,78,54,1
5,77,70,1
0,100,80,0
19,100,67,1
19,58,87,1
5,100,64,1
0,67,100,0
2,90,100,1
1,90,74,0
17,66,78,1
18,84,88,1
3,77,52,1
15,85,50,1
3,81,89,1
7,92,74,1
12,79,67,1
15,76,70,1
18,91,34,1
0,85,67,0
4,87,59,0
5,70,84,1
6,65,85,1
20,71,79,1
16,71,76,1
6,87,48,1
20,90,79,1
10,76,79,1
10,95,89,1
9,94,100,1
3,81,45,0
19,68,64,1
0,97,59,1
3,77,73,1
4,80,70,0
5,74,66,1
2,67,85,0
0,60,53,0
14,86,54,1
20,69,55,1
2,100,65,0
6,65,52,1
10,63,69,1
19,84,68,1
14,96,58,1
16,79,83,1
12,85,69,1
8,56,86,1
4,70,67,1
18,65,70,1
16,55,62,1
0,79,70,0
15,51,81,1
1,62,64,0
15,72,78,1
17,68,58,1
2,83,81,0
9,82,61,1
2,89,83,1
11,87,71,1
19,92,93,1
1,78,53,0
8,82,48,1
20,84,61,1
6,80,49,1
2,73,49,1
10,74,79,1
10,68,70,1
13,83,63,1
6,77,64,0
20,70,61,1
10,70,95,1
6,63,59,1
20,90,50,1
19,79,82,1
10,68,67,1
0,88,100,1
12,71,62,1
11,61,83,1
3,90,86,1
13,72,62,1
17,73,59,1
2,78,81,1
15,92,79,1
2,78,49,1
15,64,53,1
8,85,32,0
0,72,79,0
20,100,66,1
3,78,68,1
12,51,45,1
3,82,54,1
19,100,63,1
15,97,60,1
16,100,72,1
9,66,79,1
9,89,100,1
13,69,70,1
16,81,87,1
17,63,58,1
0,70,45,1
13,70,65,1
2,89,46,0
6,88,70,0
17,81,58,1
5,62,41,1
16,74,96,1
9,69,62,1
4,88,45,0
7,92,83,1
11,91,59,1
16,69,86,1
12,45,59,1
19,57,62,1
18,95,75,1
15,73,79,1
12,69,82,1
6,98,69,1
8,93,78,1
2,78,81,0
7,74,73,1
19,76,68,1
8,81,48,0
2,97,79,1
13,83,71,1
20,87,64,1
18,92,89,1
5,64,49,1
9,87,95,1
11,74,70,1
5,48,75,1
5,52,64,0
4,66,45,0
20,84,68,1
15,79,75,1
17,80,80,1
17,100,67,1
20,63,37,1
2,78,47,0
18,82,100,1
1,69,54,0
9,78,91,1
12,59,56,1
7,95,67,1
3,70,79,1
4,100,58,1
17,78,94,1
6,90,71,1
6,77,77,0
19,78,66,1
3,71,80,0
19,79,94,1
19,82,68,1
12,69,96,1
3,76,61,0
3,71,81,1
5,100,77,0
12,77,54,1
3,97,73,0
9,76,70,1
2,81,57,0
11,62,75,1
0,73,72,0
14,81,69,1
1,97,69,1
4,81,69,1
3,95,64,0
17,86,72,1
1,98,60,1
9,77,100,1
12,100,49,1
10,72,61,1
14,69,62,1
16,63,100,1
8,100,50,1
17,88,76,1
6,74,74,0
20,93,75,1
10,86,89,1
15,100,88,1
18,59,63,1
16,75,73,1
17,72,42,1
11,54,71,1
0,91,58,0
10,75,67,1
3,87,45,0
18,100,76,1
4,74,45,1
4,73,72,0
5,79,52,0
13,90,57,1
11,71,87,1
19,70,79,1
8,91,87,1
5,83,93,1
1,53,58,0
0,63,92,0
7,96,48,1
19,83,81,1
10,69,63,1
18,76,56,1
2,78,79,0
1,87,84,1
17,62,84,1
2,68,73,0
1,81,72,0
8,77,78,1
19,85,75,1
14,63,78,1
2,82,73,1
17,91,83,1
17,84,46,1
16,80,68,1
18,77,49,1
5,68,74,1
20,77,95,1
6,93,63,1
16,77,72,1
12,67,81,1
16,72,39,1
13,80,62,1
13,74,75,1
12,84,30,1
16,84,55,1
15,89,87,1
2,95,85,1
17,90,76,1
11,67,83,1
6,67,73,0
10,77,78,1
20,73,65,1
18,64,72,1
17,73,61,1
9,72,89,1
16,70,93,1
8,74,91,1
14,92,64,1
13,80,56,1
5,100,89,1
5,80,78,1
1,75,75,0
2,78,60,0
9,81,76,1
10,83,54,1
3,100,80,0
8,68,91,1
12,88,94,1
4,80,81,0
7,59,49,1
7,87,73,1
10,93,100,1
7,68,57,1
15,78,69,1
6,57,91,1
9,63,79,1
7,91,100,1
3,72,59,1
14,65,55,1
4,81,88,1
6,72,52,1
16,72,67,1
19,87,69,1
14,64,86,1
19,67,79,1
17,80,77,1
10,90,64,1
16,93,88,1
6,70,100,1
9,89,80,1
11,69,71,1
20,100,51,1
17,64,60,1
10,94,67,1
13,70,62,1
4,100,70,1
16,85,97,1
11,66,89,1
11,72,68,0
16,87,52,1
13,91,90,1
1,77,69,1
6,79,44,1
3,87,81,1
15,80,85,1
0,62,34,0
4,68,58,1
12,81,68,1
14,93,81,1
10,97,62,1
18,87,58,1
19,81,81,1
2,87,63,1
20,70,78,1
12,76,53,1
13,68,50,1
1,63,81,0
13,82,74,1
15,80,84,1
12,86,62,1
1,85,58,0
10,81,90,1
19,85,47,1
15,77,89,1
2,83,90,0
20,69,83,1
20,82,60,1
3,86,58,0
16,70,67,1
8,79,51,1
12,71,56,1
9,72,80,1
16,65,80,1
20,93,54,1
16,91,80,1
19,84,77,1
19,100,93,1
1,76,79,0
5,100,86,1
15,75,77,1
12,81,85,1
1,73,51,0
1,82,68,1
10,88,69,1
12,77,66,1
3,99,77,1
3,81,80,1
2,81,76,1
11,67,67,1
0,83,59,0
12,76,86,1
9,71,75,1
9,69,55,1
14,100,67,1
10,75,44,1
15,61,71,1
16,70,67,1
19,77,61,1
16,85,94,1
10,85,53,1
10,86,81,1
4,70,100,1
12,82,86,1
2,67,70,0
19,71,53,1
17,67,50,1
2,64,64,1
16,91,60,1
2,86,59,1
15,90,65,1
1,78,68,0
10,87,77,1
13,57,51,1
15,88,60,1
8,80,68,1
19,86,67,1
16,83,98,1
4,66,73,0
14,60,46,1
15,69,76,1
7,85,78,1
15,86,68,1
18,62,52,1
17,66,96,1
16,69,54,1
13,74,80,1
5,62,73,1
16,61,79,1
7,68,96,1
11,79,78,1
6,64,62,0
6,77,87,0
3,91,61,0
20,62,72,1
3,76,51,0
1,90,55,0
19,73,71,1
11,71,76,1
9,92,44,1
15,74,77,1
8,91,58,1
2,83,89,1
15,74,65,1
3,84,53,1
11,82,71,1
19,90,56,1
19,71,89,1
7,78,70,1
16,77,68,1
12,86,79,1
10,66,55,1
2,90,51,1
7,84,76,1
13,62,54,1
20,92,53,1
0,100,83,0
15,90,78,1
17,95,51,1
19,79,61,1
8,58,56,1
2,56,97,1
5,81,84,1
17,71,64,1
18,67,79,1
13,77,50,1
2,85,60,0
2,61,72,0
10,73,77,1
12,96,69,1
0,65,74,1
14,88,71,1
11,72,68,1
0,85,66,0
2,91,64,1
9,87,73,0
15,89,76,1
17,64,73,1
9,91,52,1
6,68,55,1
20,81,76,1
9,81,92,1
6,84,72,1
9,82,64,1
0,68,73,0
6,62,53,0
10,88,90,1
19,80,73,1
15,92,60,1
16,77,67,1
11,61,62,1
2,90,90,1
8,74,67,1
20,82,72,1
0,70,79,1
18,98,59,1
14,67,73,1
5,74,74,1
16,79,47,1
17,65,74,1
0,82,69,0
2,97,72,1
13,72,71,1
20,83,74,1
0,45,90,0
13,78,52,1
2,74,65,0
13,68,80,1
13,91,77,1
1,74,77,1
14,76,100,1
18,73,79,1
18,55,87,1
0,64,65,0
5,90,55,1
5,53,65,0
9,69,81,1
3,73,76,0
17,99,76,1
16,87,67,1
16,71,64,1
4,94,67,1
0,69,81,0
19,90,83,1
6,62,55,1
13,91,81,1
19,73,60,1
0,66,77,0
0,75,67,0
0,81,93,0
3,72,64,0
1,85,73,1
17,71,79,1
12,85,57,1
20,83,69,1
16,77,66,1
20,73,62,1
5,80,63,0
6,85,87,1
17,100,61,1
5,89,78,1
1,90,75,1
14,100,49,1
16,84,78,1
20,84,49,1
19,86,79,1
2,66,62,1
16,73,70,1
17,72,51,1
14,86,72,1
17,76,84,1
17,80,58,1
9,91,61,1
0,88,77,0
9,76,77,1
4,70,33,0
2,92,100,0
2,87,78,0
14,59,80,1
10,74,68,1
11,80,42,1
15,87,80,1
11,89,62,1
13,81,78,1
1,85,67,0
17,79,74,1
9,70,58,1
3,75,83,0
17,78,52,1
15,78,100,1
1,55,100,1
4,73,94,1
0,79,89,1
5,75,69,0
2,75,87,0
14,84,69,1
10,65,47,1
20,58,93,1
15,74,87,1
12,87,70,1
10,98,52,1
1,87,61,0
1,60,43,0
12,75,84,1
0,81,46,1
0,80,74,0
4,84,57,0
18,67,49,1
9,79,74,1
14,83,65,1
8,88,83,0
3,68,51,0
7,74,59,0
1,46,34,0
16,71,37,1
3,72,97,0
7,66,100,1
20,80,71,1
12,77,58,1
9,51,66,1
11,81,83,1
16,67,62,1
5,84,74,0
13,63,70,1
18,78,61,1
12,75,62,1
9,82,74,1
3,79,55,0
5,75,77,0
19,60,63,1
11,60,72,1
6,71,91,1
8,78,67,1
12,71,84,1
11,86,43,1
14,75,63,1
5,66,70,0
13,75,99,1
9,81,41,1
19,82,69,1
3,100,92,1
3,70,58,0
9,77,67,1
10,83,75,1
14,78,73,1
8,72,93,1
19,59,77,1
9,72,90,1
2,65,65,0
2,57,59,0
20,68,67,1
2,65,53,0
19,85,77,1
5,85,64,1
1,67,60,0
6,75,77,1
12,56,53,0
8,72,82,1
16,83,63,1
12,88,87,1
8,69,64,1
13,91,79,1
20,60,73,1
8,63,81,0
3,87,72,0
8,98,45,1
17,84,85,1
4,78,69,1
19,52,82,1
12,54,80,1
12,80,58,0
6,74,56,0
19,65,80,1
0,79,65,0
6,79,84,0
8,89,67,1
10,80,85,1
9,93,76,1
3,78,74,1
4,77,64,0
2,91,73,1
12,66,88,1
7,100,69,1
11,83,78,1
12,83,71,1
14,84,72,1
11,100,96,1
13,88,88,1
12,59,71,1
13,95,73,1
12,74,59,1
6,79,67,1
5,63,75,1
16,84,83,1
7,70,81,1
11,79,53,1
4,75,85,1
9,100,69,1
11,100,55,1
13,79,90,1
11,79,92,1
7,74,74,1
20,91,81,1
10,74,82,1
16,73,91,1
15,90,81,1
11,72,50,1
18,78,100,1
2,59,86,1
19,86,62,1
17,100,55,1
10,87,78,1
15,96,66,1
10,68,75,1
5,81,81,0
16,67,62,1
5,75,53,1
6,87,76,0
10,79,62,1
17,61,72,1
8,62,50,1
10,61,66,1
0,84,81,0
2,100,79,1
1,94,58,0
1,55,52,0
18,95,70,1
17,89,78,1
17,59,76,1
1,74,62,0
1,91,74,0
5,85,93,1
11,62,73,1
7,85,46,1
10,52,73,1
3,75,100,1
15,92,51,1
6,78,70,0
1,72,67,1
15,89,71,1
18,90,73,1
0,94,87,0
9,88,71,1
17,91,89,1
14,87,68,1
17,81,65,1
8,79,60,1
7,75,43,0
14,63,74,1
3,67,100,1
5,75,77,1
12,81,80,1
14,95,64,1
2,77,66,0
10,90,85,1
7,91,100,1
10,75,92,1
20,85,82,1
1,75,71,1
20,94,73,1
9,86,59,1
16,64,48,1
8,80,53,1
6,98,71,1
16,76,66,1
14,83,48,1
3,85,69,0
14,66,65,1
15,84,52,1
8,61,64,0
19,70,65,1
13,91,61,1
7,82,84,0
0,74,41,0
14,83,40,1
4,77,70,0
15,78,71,1
11,86,76,1
9,69,62,1
3,78,56,1
14,74,70,1
3,59,63,1
8,67,93,0
17,97,65,1
19,83,69,1
20,62,100,1
20,60,67,1
11,77,78,1
4,97,80,1
17,76,81,1
16,94,74,1
20,82,73,1
13,84,72,1
2,62,61,1
10,89,75,1
9,74,100,1
17,88,88,1
8,68,75,1
6,80,83,1
1,82,57,1
17,76,66,1
15,83,84,1
0,75,92,1
9,70,58,1
10,97,63,1
9,91,100,1
19,69,71,1
3,85,97,1
6,69,73,1
3,64,74,1
5,90,65,1
19,58,84,1
19,89,90,1
0,75,54,0
13,75,65,1
4,83,84,1
4,85,68,0
6,68,63,1
4,87,85,0
10,79,87,1
20,63,63,1
12,76,73,1
15,95,52,1
10,98,57,1
0,87,72,0
1,64,70,1
5,84,55,1
5,88,59,1
17,87,54,1
17,87,77,1
17,82,40,1
13,77,55,1
11,71,42,1
13,55,76,1
8,82,43,1
14,80,70,1
16,85,95,1
16,62,95,1
12,86,43,1
1,100,74,1
15,79,55,1
7,77,52,1
15,82,68,1
11,100,88,1
18,66,79,1
7,80,59,1
19,68,81,1
17,71,36,1
6,77,59,1
10,94,58,1
11,100,71,1
16,83,67,1
14,73,68,1
17,100,67,1
7,73,70,1
10,71,78,1
9,57,72,1
19,95,66,1
6,90,76,1
12,100,82,1
2,61,62,1
17,95,69,1
8,79,87,1
7,88,53,1
12,58,97,1
10,96,50,1
17,87,65,1
11,78,56,1
10,86,100,1
2,69,62,0
0,71,62,0
8,72,64,1
20,56,71,1
19,88,65,1
13,92,68,1
13,70,30,1
8,82,71,1
3,75,70,1
0,82,86,0
7,70,90,1
6,67,67,0
4,91,82,1
5,77,53,1
0,100,82,0
12,79,61,0
19,67,52,1
14,93,67,1
9,86,91,1
8,87,73,0
6,92,92,1
2,70,59,0
12,76,86,1
11,76,60,1
0,63,73,1
8,75,73,1
5,94,80,1
3,81,74,0
14,62,59,1
11,59,83,1
13,98,96,1
14,77,61,1
20,70,42,1
16,75,77,1
13,60,65,1
18,95,68,1
10,73,78,1
20,94,63,1
15,79,66,1
13,95,68,1
18,81,92,1
10,88,70,1
15,87,51,1
5,85,52,0
20,82,72,1
13,75,53,1
16,100,47,1
9,67,80,1
18,78,80,1
1,78,64,0
2,83,74,1
10,73,73,1
15,82,79,1
16,76,79,1
9,59,31,1
13,78,66,1
11,65,78,0
20,57,64,1
13,80,71,1
8,84,81,1
20,84,71,1
2,85,93,0
20,55,87,1
3,62,68,1
6,100,67,1
17,65,30,1
15,85,65,1
20,70,50,1
15,79,73,1
13,70,72,1
7,85,80,1
0,80,91,0
2,73,70,1
6,65,100,1
0,81,73,1
10,63,50,1
16,83,62,1
20,100,64,1
10,94,79,1
18,87,56,1
20,77,66,1
18,55,68,1
9,62,63,1
6,93,82,1
20,69,80,1
5,70,87,1
8,76,65,1
1,65,88,0
16,63,50,1
13,77,49,0
1,67,52,0
4,69,70,1
11,69,88,1
11,84,61,1
16,75,63,1
5,76,67,0
19,85,79,1
9,76,63,1
17,75,62,1
5,84,50,0
0,86,61,0
1,76,88,1
7,79,71,1
20,69,59,1
1,68,89,0
7,87,61,1
2,83,91,1
19,83,91,1
14,81,71,1
16,79,48,1
14,86,100,1
13,89,76,1
16,89,65,1
0,77,84,0
18,95,81,1
15,81,90,1
15,86,60,1
8,81,75,1
16,81,52,1
8,69,80,1
1,86,70,0
19,100,74,1
4,74,68,1
2,79,66,1
13,73,57,1
4,72,82,1
18,97,92,1
9,70,62,1
0,72,78,1
19,59,76,1
10,69,70,1
5,57,47,1
14,86,50,1
11,100,58,1
0,74,38,0
15,58,91,1
8,89,76,1
14,69,70,1
18,94,37,1
12,75,43,1
14,70,70,1
5,76,100,1
4,87,60,1
8,75,83,1
17,72,63,0
11,76,71,1
7,63,88,1
16,83,65,1
17,57,60,1
18,73,91,1
6,87,71,1
14,82,86,1
12,85,60,1
9,77,91,1
8,92,74,1
2,89,77,1
5,83,72,1
11,89,62,1
18,87,70,1
18,73,63,1
3,62,84,0
14,83,67,1
1,85,48,1
14,91,45,1
7,67,44,1
9,67,79,0
15,84,53,1
8,77,75,1
16,55,72,1
11,83,69,1
20,56,77,1
13,67,72,1
6,94,30,0
16,100,65,1
8,63,76,1
11,74,95,1
2,79,95,1
2,99,50,1
12,72,65,1
3,72,47,0
20,97,93,1
17,74,85,1
14,87,75,1
15,60,72,1
12,76,91,1
1,58,88,1
8,65,87,1
10,88,77,1
19,77,65,1
4,74,82,0
10,69,82,1
7,75,67,1
2,82,65,0
2,90,87,1
7,46,95,1
1,68,59,0
1,80,66,0
7,77,75,1
4,83,77,1
11,81,62,1
0,74,98,0
6,72,76,1
9,75,78,1
20,92,96,1
13,69,63,1
18,77,69,1
7,80,51,1
9,97,67,1
8,74,48,0
18,90,81,1
20,93,76,1
20,77,66,1
15,75,68,1
10,74,81,0
11,75,53,1
20,88,73,1
5,81,80,1
7,81,43,1
18,64,80,1
8,66,45,1
4,100,68,1
11,76,53,1
6,69,91,1
18,95,53,1
19,81,45,1
6,85,72,1
11,76,64,1
20,74,47,1
15,76,78,1
4,61,40,1
12,77,54,1
13,82,61,1
13,100,82,1
0,79,89,0
6,50,87,1
17,77,68,1
5,100,34,1
6,88,76,1
6,68,92,1
3,85,89,0
3,69,77,1
7,62,52,1
18,74,62,1
0,79,99,1
5,56,49,1
1,64,53,0
11,78,84,1
5,73,64,1
16,83,52,1
12,63,93,1
16,87,77,1
13,64,64,1
9,98,53,1
18,57,100,1
10,65,70,1
19,83,91,1
20,98,83,1
12,82,62,1
14,85,62,1
5,78,92,0
17,66,92,1
14,72,42,1
18,63,78,1
5,63,68,1
16,83,55,1
9,65,74,1
3,82,50,0
3,62,63,1
11,82,58,1
6,72,63,1
2,95,69,1
8,82,55,1
13,93,94,1
6,69,77,1
20,79,97,1
16,66,68,1
10,73,62,0
19,75,96,1
9,69,61,1
2,63,67,0
0,61,81,1
19,50,51,1
20,65,81,1
15,86,79,1
2,59,89,0
6,62,83,0
0,99,89,0
1,70,68,0
5,82,57,1
12,86,100,1
1,86,47,1
20,60,49,1
9,75,78,0
5,59,94,0
10,100,73,1
16,59,85,1
6,65,40,0
0,66,63,1
1,60,42,0
17,94,82,1
2,100,47,1
13,72,51,1
8,62,78,1
16,51,86,1
1,75,68,0
18,74,79,1
14,70,78,1
9,81,67,1
4,83,54,0
20,82,78,1
6,74,79,1
10,65,83,1
8,86,75,1
4,78,52,0
8,89,80,1
3,87,70,0
0,61,63,0
6,61,66,1
2,69,60,0
8,65,83,1
18,87,49,1
3,82,55,1
0,91,65,1
2,83,94,1
10,81,86,1
5,92,45,1
10,84,90,1
0,79,90,1
6,96,52,1
8,79,32,1
9,74,69,1
11,68,87,1
16,86,94,1
9,93,57,0
17,77,96,1
11,94,37,1
5,54,64,0
4,77,64,1
6,78,87,1
12,69,89,1
5,100,84,1
19,77,50,1
10,73,83,1
18,78,78,1
14,54,45,1
7,69,39,1
4,90,86,0
15,70,67,1
6,68,51,0
5,94,67,1
19,94,75,1
10,84,69,1
1,73,47,0
10,75,98,1
9,68,85,1
18,66,65,1
14,65,66,1
4,71,75,0
3,66,53,0
12,59,75,1
0,81,50,1
6,81,69,1
2,98,52,0
0,70,53,0
19,82,95,1
1,82,71,1
0,75,73,1
19,87,40,1
3,87,61,0
17,82,77,1
0,75,73,0
3,74,38,0
2,62,73,0
14,68,75,1
13,71,89,1
9,65,60,1
5,83,36,0
1,92,55,0
11,67,54,1
4,81,81,1
12,66,30,1
14,74,63,1
17,70,91,1
10,85,70,1
0,70,83,0
5,90,45,1
17,75,46,1
11,70,92,1
13,63,72,1
9,81,72,1
3,89,53,1
18,81,72,1
16,100,53,1
20,95,88,1
17,74,100,1
6,74,77,1
5,84,60,1
5,68,32,0
19,92,45,1
11,82,93,1
9,81,55,1
20,86,64,1
12,99,80,1
19,80,92,1
20,77,67,1
1,96,64,0
7,90,71,1
15,74,61,1
17,78,61,1
3,80,76,1
6,82,73,1
11,62,100,1
16,59,77,1
2,67,87,0
12,66,54,1
6,70,78,1
4,86,59,1
10,76,76,1
8,80,80,1
13,63,71,1
6,72,100,1
17,85,91,1
1,85,88,0
18,69,81,1
0,80,96,0
15,100,48,1
7,78,91,1
8,70,55,1
0,76,62,0
14,79,78,1
3,76,88,0
13,78,53,1
15,61,62,1
17,66,71,1
14,76,67,1
6,76,83,1
15,71,100,1
17,76,76,1
6,79,59,1
2,89,51,0
18,77,65,1
3,83,56,0
12,72,77,1
4,85,77,1
2,83,63,1
16,88,100,1
3,87,59,1
14,85,68,1
14,77,80,1
1,81,83,1
3,91,89,1
16,70,76,1
10,70,86,0
2,80,60,0
20,83,84,1
5,68,84,1
0,77,93,1
19,77,45,1
0,51,56,0
11,75,82,1
20,76,30,1
12,76,77,1
12,95,86,1
8,63,61,1
2,68,64,1
12,47,54,1
18,72,62,1
1,73,63,0
18,72,60,1
8,91,59,1
11,88,66,1
3,79,66,1
13,74,98,1
3,90,64,0
5,78,75,1
15,68,61,1
1,57,61,0
9,73,44,1
12,87,46,1
2,100,52,1
6,79,73,0
7,69,86,1
13,64,43,1
20,85,62,1
17,57,49,1
3,85,66,0
0,88,86,1
1,83,63,0
12,75,69,1
3,85,92,0
4,80,77,1
17,69,59,1
18,100,72,1
17,74,58,1
5,87,76,0
13,49,78,1
12,93,49,1
3,96,73,1
11,78,68,1
11,85,78,1
8,85,82,1
15,70,77,1
14,85,65,1
11,68,84,1
15,71,57,1
16,92,50,1
11,90,30,1
5,70,69,1
15,69,58,1
15,70,76,1
20,87,40,1
3,66,60,1
8,82,77,1
19,87,55,1
10,77,76,0
19,90,62,1
0,74,70,0
0,75,79,0
16,66,84,1
7,90,71,1
10,69,58,1
8,82,63,1
8,77,80,1
19,65,55,1
1,71,67,0
16,95,64,1
18,80,68,1
13,66,55,1
8,82,42,1
3,76,78,1
14,100,84,1
9,81,43,0
3,73,76,1
7,95,86,1
20,56,79,1
5,79,64,1
3,100,56,0
14,77,71,0
4,57,74,1
19,73,71,1
18,95,67,1
20,83,54,1
19,68,76,1
5,70,77,0
4,71,73,1
7,82,72,1
9,94,95,1
18,91,61,1
15,83,89,1
13,62,59,1
18,62,87,1
13,84,89,1
7,62,66,1
8,75,95,1
10,82,77,1
1,64,57,0
15,66,64,1
13,77,87,1
15,84,84,1
11,91,54,1
16,85,68,1
19,79,73,1
11,69,62,1
9,65,100,1
2,72,74,0
16,83,69,1
18,82,88,1
14,53,65,1
18,69,85,1
18,92,45,1
16,79,63,1
10,61,86,1
2,100,94,1
0,78,58,0
4,83,57,1
9,83,79,1
15,74,61,1
9,69,66,1
0,100,83,0
4,90,62,0
20,88,41,1
20,85,50,1
7,66,70,1
16,93,42,1
15,68,66,1
19,81,49,1
18,58,95,1
13,54,100,1
8,82,54,1
13,68,74,1
6,54,56,1
7,84,65,1
12,100,97,1
11,95,63,1
12,75,66,1
8,78,56,1
8,89,87,1
0,91,30,1
12,74,63,1
12,78,69,1
19,82,60,1
10,85,83,0
9,76,88,1
1,77,49,0
4,95,100,1
7,93,49,1
7,84,89,1
7,99,72,1
8,73,62,1
16,97,64,1
2,85,69,1
6,100,73,0
3,64,56,1
6,70,66,0
14,83,58,1
0,83,52,0
7,100,58,1
0,70,53,1
20,89,64,1
15,92,76,1
5,86,72,0
4,66,100,1
2,95,37,0
9,93,77,1
15,85,70,1
12,80,82,1
18,81,81,1
7,77,68,1
5,86,73,1
10,78,59,1
4,68,79,1
20,65,42,1
3,69,82,1
10,81,70,1
10,78,63,1
1,81,67,0
9,84,68,1
9,70,89,1
5,96,100,0
2,75,88,1
0,73,62,1
0,84,79,0
10,56,80,1
1,69,56,0
20,90,51,1
5,57,69,1
13,91,82,1
14,96,46,1
10,74,59,1
18,82,79,1
2,91,71,1
4,72,91,1
5,88,49,1
2,70,100,1
6,72,47,0
6,68,40,0
16,82,69,1
6,92,53,1
18,76,69,1
16,63,69,1
18,65,67,1
2,83,57,0
20,100,76,1
12,83,65,1
20,73,87,1
7,87,67,1
20,75,56,1
12,73,45,1
1,66,67,0
8,95,51,1
2,48,50,1
19,88,78,1
6,72,43,0
4,73,91,1
11,98,72,1
8,69,69,1
2,70,54,1
17,76,81,1
17,83,70,1
15,73,60,1
12,59,73,1
8,68,45,0
11,93,45,1
10,79,53,1
3,83,75,0
1,75,70,0
5,70,86,0
9,98,56,1
3,76,79,1
2,73,68,0
17,91,56,1
7,69,76,1
12,71,69,1
11,78,61,0
15,78,71,1
15,81,68,1
6,100,68,1
17,82,64,1
7,49,50,1
17,82,71,1
8,78,58,1
2,79,55,0
15,81,66,1
0,78,81,0
16,77,73,1
0,85,62,0
4,71,61,1
12,67,80,1
19,100,34,1
8,69,82,1
2,79,42,1
4,60,49,0
18,79,62,1
15,67,100,1
2,73,95,1
8,91,81,1
5,84,75,0
3,85,42,1
17,57,72,1
12,100,62,1
3,64,58,1
13,96,72,1
8,90,63,1
1,85,83,0
9,68,41,1
3,80,71,1
5,72,57,1
18,78,64,1
14,75,75,1
2,54,53,0
17,91,72,1
12,77,67,1
18,72,60,1
15,71,63,1
7,82,68,1
11,67,58,0
11,51,70,1
15,83,66,1
5,84,61,1
6,76,94,1
5,64,76,0
6,79,64,1
3,60,72,0
0,66,55,0
19,69,63,1
1,88,65,1
18,74,51,1
2,73,76,1
16,100,62,1
6,82,65,1
10,82,61,1
5,74,100,1
10,71,60,1
9,52,39,0
11,90,46,1
8,83,81,1
11,76,90,1
17,76,60,1
9,87,89,1
7,59,81,0
2,71,67,1
7,64,66,1
2,99,73,0
3,89,83,1
19,52,76,1
1,60,60,1
10,76,67,0
17,72,100,1
20,62,74,1
3,100,83,1
3,82,78,1
7,84,74,0
11,70,72,1
20,87,83,1
4,73,81,0
3,75,74,1
5,85,60,0
18,58,76,1
0,97,69,0
7,80,65,0
2,93,100,0
3,65,47,0
19,67,84,1
0,64,57,0
6,81,72,0
19,79,100,1
12,72,56,1
1,66,59,0
9,63,70,1
20,77,57,1
8,72,83,0
11,70,62,1
11,97,80,1
13,77,50,1
3,93,43,0
17,72,67,1
20,81,46,1
2,77,93,1
17,58,47,1
17,95,54,1
15,76,76,1
7,87,61,1
9,69,47,1
17,76,100,1
3,68,55,1
17,93,67,1
19,82,67,1
14,82,81,1
7,94,77,1
11,92,58,1
1,87,65,0
19,61,67,1
7,70,81,1
1,66,52,0
16,87,100,1
13,80,59,1
13,61,70,1
1,76,53,0
15,60,51,1
13,77,57,1
16,58,55,1
17,84,64,1
4,83,55,1
4,100,80,1
19,88,58,1
11,73,57,1
9,88,64,1
6,61,85,1
13,66,73,1
15,82,69,1
0,52,49,1
11,78,53,0
20,66,51,1
5,79,90,1
5,65,78,1
18,83,57,1
1,78,62,1
8,95,58,1
9,78,57,1
16,69,77,1
2,75,66,0
9,62,100,1
3,83,89,0
16,85,90,1
13,100,80,1
10,71,64,1
8,75,79,1
3,71,65,0
19,81,94,1
13,83,76,1
6,77,74,0
8,91,72,1
15,71,96,1
15,90,48,0
9,84,98,1
6,78,67,1
13,74,49,1
13,100,59,1
12,68,45,1
1,82,80,1
9,69,54,1
12,99,73,1
19,89,87,1
11,70,60,1
7,84,66,1
11,81,50,1
3,72,64,1
1,87,100,0
14,83,82,1
20,81,66,1
17,77,61,1
12,83,69,1
0,81,72,1
20,79,64,1
9,70,78,1
6,98,56,1
18,65,56,1
15,83,76,1
15,74,52,1
5,99,81,0
20,67,70,1
9,69,43,1
11,66,72,0
15,82,45,1
13,62,80,1
3,72,66,1
6,52,98,1
7,81,86,1
19,72,54,1
15,60,40,1
7,91,59,1
15,62,52,1
15,88,97,1
8,70,70,0
8,97,84,1
18,87,66,1
11,66,67,1
3,67,70,0
15,85,87,1
12,75,75,1
10,76,54,1
15,93,94,1
19,69,66,1
6,79,63,0
8,89,30,1
3,88,80,1
13,76,72,1
8,75,71,0
7,57,64,1
14,65,61,1
8,82,64,0
9,76,77,1
9,79,80,1
5,90,67,1
2,64,84,0
17,75,69,1
1,80,62,0
6,70,73,1
14,95,50,1
2,89,73,1
13,81,47,1
15,100,55,1
13,60,40,1
6,78,67,1
0,82,94,0
18,67,68,1
6,82,80,1
16,65,100,1
4,86,76,1
3,91,59,1
16,81,61,1
19,56,70,1
18,66,61,1
15,85,62,1
5,78,85,0
19,46,85,1
14,93,45,1
3,80,58,1
2,68,63,1
18,90,79,1
5,70,87,1
16,70,100,1
2,82,63,0
5,99,64,1
5,97,79,1
5,82,60,0
14,84,68,1
19,87,64,1
19,63,31,1
15,86,72,1
4,69,67,1
20,82,89,1
11,75,70,1
11,84,51,1
14,79,66,1
16,41,39,1
20,80,52,1
12,86,80,1
12,83,66,1
15,77,84,1
5,98,40,1
6,82,66,1
13,83,63,1
1,91,84,1
6,82,80,1
15,67,80,1
20,49,93,1
10,72,64,1
8,87,90,1
9,74,54,1
14,88,54,1
11,80,81,1
0,93,47,0
11,74,79,1
8,84,72,1
14,84,86,1
18,96,69,1
20,58,71,1
12,72,78,1
7,88,60,1
9,97,59,1
3,81,77,1
19,74,70,1
17,87,64,1
17,88,69,1
6,74,94,1
6,82,63,0
17,92,63,1
11,100,44,1
14,87,69,1
10,79,80,1
9,77,83,1
13,85,72,1
17,77,84,1
7,80,81,0
16,65,87,1
5,94,85,1
8,64,94,1
19,73,67,1
20,79,50,1
19,100,80,1
6,73,82,1
17,70,94,1
19,71,89,1
20,98,99,1
0,44,79,0
15,66,73,1
20,100,49,1
16,85,75,1
4,65,62,1
16,77,73,1
2,79,71,1
10,88,77,1
13,100,69,1
9,83,84,1
14,72,30,1
5,87,73,1
12,70,88,1
13,66,98,1
13,57,81,1
6,59,95,1
6,67,73,1
5,64,70,1
9,82,78,1
12,64,70,1
7,40,58,0
8,65,62,1
6,72,53,1
4,71,78,1
13,96,70,1
17,71,65,1
6,89,61,1
18,78,78,1
11,77,82,1
3,68,53,0
7,77,51,1
0,69,84,0
0,80,49,1
7,75,78,1
9,67,94,1
16,90,94,1
2,83,81,1
17,73,81,1
4,80,100,1
2,77,35,0
14,68,63,1
16,79,83,1
12,71,65,1
2,67,89,1
2,59,69,0
8,74,72,1
9,85,66,1
20,70,62,1
6,100,62,1
4,89,74,1
19,94,58,1
3,88,84,1
0,100,80,1
8,69,86,1
8,47,53,0
13,73,45,1
18,85,70,1
19,80,100,1
6,81,89,1
20,94,62,1
13,83,76,1
1,88,81,1
19,67,49,1
2,65,91,0
12,97,67,1
16,79,69,1
5,71,70,1
5,71,87,1
9,70,59,1
18,69,44,1
4,63,75,0
13,60,39,1
9,76,65,1
2,71,88,1
14,91,79,1
17,82,86,1
12,81,79,1
3,69,100,1
3,77,61,1
8,82,76,1
10,87,63,1
11,77,84,1
5,91,69,1
10,78,96,1
6,88,62,1
14,72,91,1
16,56,79,1
13,81,70,1
0,87,78,0
20,85,74,1
0,83,75,1
20,74,67,1
0,68,59,0
10,85,65,1
2,83,45,0
1,71,83,0
14,91,51,1
15,67,67,1
2,71,80,1
20,98,83,1
6,88,43,0
6,74,69,0
6,81,77,1
9,80,71,1
3,45,90,1
8,67,58,1
4,77,39,1
1,74,82,1
7,81,62,1
14,92,44,1
16,74,68,1
7,65,88,1
6,82,51,1
16,74,100,1
14,76,57,1
17,74,71,1
19,100,52,1
17,51,71,1
19,73,68,1
8,78,48,0
8,69,100,1
6,89,63,1
4,88,63,0
15,77,85,1
15,75,97,1
16,77,87,1
3,77,52,0
10,77,73,1
4,76,42,1
18,81,84,1
5,87,45,1
3,63,58,0
11,65,70,1
18,57,77,1
19,88,66,1
2,81,93,0
6,84,81,1
3,61,80,0
6,99,52,0
11,71,95,1
5,80,58,1
1,88,96,1
10,66,100,1
1,71,78,1
4,80,85,1
0,100,30,0
1,82,67,0
9,97,87,1
17,92,84,1
16,82,52,1
2,66,66,1
0,91,32,0
7,60,76,0
13,97,42,1
15,80,87,1
17,46,88,1
7,74,63,0
3,86,78,0
0,75,67,0
3,87,74,0
1,68,53,0
18,62,79,1
5,77,45,0
17,78,43,1
11,74,68,0
11,93,67,1
9,68,74,1
17,82,60,1
0,79,98,1
1,59,72,1
8,62,73,1
8,78,73,1
11,100,85,1
15,85,79,1
12,57,77,1
5,41,81,1
6,87,43,1
15,77,43,1
4,92,69,1
10,67,67,1
11,82,79,0
15,88,70,1
15,73,79,1
9,73,51,0
6,78,70,1
7,85,50,1
8,78,76,1
4,90,42,1
13,72,75,1
4,62,48,1
13,100,64,1
15,71,83,1
20,71,73,1
2,77,45,0
15,79,60,1
1,73,47,0
7,78,45,0
3,78,72,1
3,80,78,1
3,50,77,0
0,100,79,1
17,76,70,1
1,85,66,0
8,61,54,0
14,72,63,1
20,70,50,1
17,96,57,1
2,71,71,1
20,87,68,1
13,70,100,1
3,73,50,0
9,75,68,1
19,93,49,1
8,55,64,0
3,62,65,1
18,55,83,1
20,65,63,1
20,68,67,1
20,59,64,1
18,69,49,1
9,54,60,1
4,66,64,1
12,92,71,1
4,83,78,1
9,80,66,1
13,66,66,1
19,60,44,1
6,64,78,1
5,77,60,1
15,88,81,1
0,89,90,0
11,86,67,1
15,69,55,1
11,78,70,1
8,74,75,1
17,76,65,1
7,100,62,1
14,57,78,1
9,75,77,1
0,93,65,1
11,60,45,1
1,70,77,0
19,72,58,1
12,75,73,1
7,59,72,1
10,85,42,1
13,86,71,1
5,84,78,1
6,68,80,1
8,79,72,1
5,67,40,1
15,74,89,1
2,100,76,1
17,79,52,1
7,64,58,0
11,80,73,1
3,62,80,0
8,64,63,0
15,66,82,1
5,73,43,0
2,89,54,0
10,85,39,1
3,84,57,1
6,65,93,1
9,72,100,1
11,81,74,1
13,70,60,1
14,75,67,1
17,83,77,1
1,74,47,1
7,81,61,1
0,97,92,0
0,76,54,0
4,92,59,1
12,85,70,1
18,60,74,1
16,65,61,1
13,68,71,1
16,68,79,1
3,77,99,1
17,85,68,1
18,93,69,1
1,82,93,1
9,73,62,1
17,53,50,1
9,79,74,0
17,78,86,1
19,80,75,1
9,100,69,1
1,93,48,0
7,87,69,1
4,66,88,0
9,72,51,1
12,77,66,1
9,69,64,1
4,84,60,0
6,82,74,1
14,65,77,1
0,92,76,1
4,79,55,1
18,57,45,1
2,77,74,1
8,81,62,0
4,90,98,1
2,74,98,1
8,88,100,1
10,80,56,1
3,62,79,1
1,61,83,1
2,91,81,1
13,92,65,1
18,82,89,1
3,96,70,1
6,91,72,1
7,86,47,1
7,67,80,1
5,99,66,1
1,84,77,0
11,73,74,1
7,70,73,1
7,81,69,1
5,58,82,1
19,86,67,1
12,67,48,0
8,82,79,0
4,72,58,0
16,75,50,1
18,69,55,1
0,76,74,0
19,100,69,1
14,95,38,1
2,82,64,0
15,78,88,1
2,88,63,0
1,92,68,1
2,68,86,0
9,77,82,1
13,56,85,1
8,91,30,0
2,100,96,1
4,79,80,1
17,52,100,1
20,85,58,1
15,67,44,1
2,70,70,0
17,86,66,1
14,81,80,1
11,72,86,1
3,70,69,0
20,80,66,1
9,73,78,0
0,65,66,0
4,74,65,1
8,82,86,1
1,76,89,1
6,61,86,0
9,90,67,0
19,45,38,1
1,73,68,0
12,71,59,1
19,80,68,1
16,85,60,1
19,92,70,1
3,69,54,0
16,85,51,1
20,80,88,1
6,57,55,1
10,100,70,1
11,61,84,1
10,83,84,1
6,83,82,1
20,81,75,1
20,72,81,1
7,88,91,1
16,59,76,1
8,77,42,1
16,71,62,1
12,70,80,1
9,83,61,1
2,91,94,1
13,74,69,1
6,87,71,0
4,79,87,1
4,67,67,0
20,75,73,1
2,74,83,1
16,70,48,1
18,83,66,1
0,81,82,1
12,59,71,1
12,58,92,1
7,83,46,1
14,68,45,1
8,82,82,1
9,87,83,1
9,63,67,1
16,61,76,1
13,98,81,1
7,82,58,1
19,73,59,1
16,67,73,1
19,72,84,1
15,64,53,1
8,89,67,1
16,69,66,1
6,91,76,1
5,73,70,1
9,65,62,1
20,73,89,1
11,47,62,1
8,77,66,1
9,76,46,0
6,88,59,1
13,55,78,1
7,92,75,0
11,88,79,1
7,93,78,0
6,77,100,1
20,90,59,1
7,60,46,0
1,87,54,1
7,69,59,1
11,58,55,1
1,65,71,0
6,78,89,1
3,68,93,1
10,83,78,1
15,56,100,1
20,52,65,1
8,94,46,1
18,89,86,1
4,65,42,0
16,78,59,1
11,90,78,1
15,83,68,1
15,80,67,1
11,91,52,1
5,69,70,1
11,78,85,1
17,78,70,1
20,75,58,1
19,73,51,1
3,79,58,0
12,78,76,1
2,65,75,0
14,88,58,1
20,66,37,1
1,75,76,1
13,74,57,1
19,82,80,1
17,53,59,1
8,89,55,1
2,70,72,0
19,93,100,1
19,72,81,1
12,77,72,1
20,100,75,1
0,75,44,0
12,93,53,1
0,78,32,0
19,83,96,1
14,79,93,1
19,88,76,1
11,70,72,1
1,66,47,0
0,70,67,0
7,79,97,1
15,75,72,1
3,87,62,1
17,94,44,1
5,66,91,1
10,69,69,1
4,61,44,0
9,100,56,1
9,82,51,1
0,84,68,0
11,62,73,1
16,78,62,1
19,84,82,1
6,75,71,1
18,91,86,1
18,100,65,1
20,67,100,1
7,66,62,1
17,67,56,1
11,97,55,1
1,91,67,1
5,76,44,1
14,78,74,1
3,68,41,0
9,89,72,1
16,73,50,1
3,75,64,0
10,85,79,1
4,76,100,0
11,75,54,1
5,78,68,1
20,88,59,1
1,98,57,1
20,85,59,1
16,88,82,1
17,76,63,1
17,70,100,1
3,86,76,0
19,80,55,1
12,61,64,1
20,74,58,1
18,77,82,1
12,72,45,1
7,96,50,1
2,84,61,0
2,94,80,0
8,81,88,1
17,79,91,1
10,67,78,1
10,78,69,1
5,78,82,1
11,62,53,1
13,72,42,1
20,74,77,1
15,83,55,1
12,84,69,1
19,71,72,1
8,84,74,1
19,76,84,1
7,44,82,1
2,72,73,1
8,91,63,1
2,58,72,0
2,79,61,1
18,97,67,1
16,69,100,1
4,78,73,1
17,62,77,1
1,98,59,1
5,77,85,1
14,79,81,1
6,94,82,1
15,86,73,1
18,67,86,1
1,70,89,1
0,84,74,0
19,71,68,1
10,53,83,1
10,77,56,1
9,60,59,1
9,97,69,1
14,80,44,1
12,67,82,1
3,70,56,0
13,55,63,1
14,65,67,1
2,90,71,0
7,100,65,1
16,87,69,1
12,77,69,1
2,73,63,1
0,67,58,0
12,100,86,1
9,76,38,1
20,100,67,1
10,95,63,1
19,57,76,1
4,70,48,0
9,70,63,1
2,77,68,1
12,77,86,1
3,100,75,1
10,65,52,1
7,81,63,1
3,85,83,1
2,78,52,1
10,79,69,1
19,65,70,1
4,79,64,0
8,84,100,1
4,82,64,0
16,85,77,1
8,95,59,1
20,89,78,1
5,79,83,1
1,64,61,1
12,71,69,1
13,75,57,1
20,81,53,0
18,72,86,1
18,67,62,1
13,64,34,1
7,58,96,1
9,75,58,1
2,60,66,1
9,66,95,1
7,73,68,1
0,62,68,1
4,83,52,1
11,87,45,1
7,71,68,1
20,73,75,1
10,84,75,1
20,69,63,1
13,69,70,1
0,92,42,0
4,89,77,0
14,85,72,1
11,89,100,1
6,54,70,1
10,94,56,1
18,83,69,1
8,90,65,0
0,83,77,0
6,79,70,0
19,75,51,1
15,82,45,1
17,74,74,1
19,88,91,1
2,59,71,0
5,72,82,1
1,100,85,0
0,70,74,0
17,75,58,1
19,67,73,1
3,82,88,1
15,69,78,1
11,76,81,1
1,88,63,1
19,70,67,1
18,87,68,1
11,88,69,1
14,91,88,1
8,80,35,0
16,100,70,1
9,91,69,1
20,82,49,1
1,67,80,0
3,77,59,1
20,95,65,1
6,99,98,1
6,96,85,1
16,87,79,1
3,63,76,1
10,84,68,1
6,63,100,1
4,60,82,0
20,81,59,1
4,84,49,0
1,89,79,0
14,84,69,1
18,84,49,1
2,66,76,0
14,77,66,1
11,60,78,1
17,54,77,1
2,87,61,1
20,69,79,1
13,88,63,1
17,91,64,1
7,71,62,1
19,85,87,1
13,70,66,1
2,56,91,1
19,79,97,1
16,72,59,1
6,73,30,1
11,100,86,1
8,60,65,1
11,83,57,1
20,66,61,1
18,89,64,1
4,82,89,1
20,83,72,1
9,67,89,1
14,69,77,0
16,89,65,1
10,99,64,1
9,84,78,1
9,67,82,1
18,82,85,1
8,100,66,1
5,79,73,0
7,96,79,1
4,69,64,0
8,77,53,1
2,85,58,0
1,83,66,1
15,69,80,1
1,68,89,1
11,90,50,1
16,92,61,1
15,96,65,1
9,100,82,1
4,80,62,0
19,74,64,1
17,94,49,1
12,87,77,1
1,66,68,0
0,66,60,1
6,84,66,0
3,76,87,1
18,78,55,1
4,91,57,0
5,87,89,1
20,94,71,1
17,55,80,1
4,81,76,0
8,86,69,1
10,60,65,1
13,70,82,1
19,68,87,1
18,78,86,1
20,98,52,1
0,100,90,1
4,68,65,1
11,84,59,1
1,85,67,1
7,83,82,1
3,83,78,1
19,82,66,1
1,98,83,0
3,91,72,1
4,65,61,0
3,88,59,0
11,89,76,1
7,82,69,0
19,92,49,1
5,80,83,1
11,80,63,0
13,79,94,1
13,54,49,1
16,77,67,1
4,70,60,1
10,64,55,1
16,95,63,1
18,84,97,1
12,78,72,1
13,71,58,1
18,82,43,1
13,90,44,1
19,68,62,1
2,78,60,0
7,88,67,1
2,55,36,1
1,77,69,0
9,73,85,0
4,76,94,1
8,72,42,0
9,80,58,1
13,100,57,1
19,74,72,1
17,82,52,1
7,100,95,1
6,71,71,0
16,100,68,1
2,78,94,1
11,99,70,1
8,87,76,1
3,82,59,1
12,77,49,1
6,71,61,0
3,79,100,0
13,89,79,1
3,78,74,0
14,74,55,1
3,75,84,1
9,90,50,1
16,93,46,1
4,70,62,0
16,70,99,1
15,83,98,1
18,96,63,1
3,92,60,1
15,63,45,1
19,75,71,1
16,67,72,1
3,75,82,1
17,97,84,1
2,61,67,1
12,59,78,1
10,68,59,1
11,81,78,1
10,85,62,1
0,83,77,0
10,92,76,1
19,57,71,1
9,92,82,1
5,74,46,1
20,87,54,1
2,62,66,0
10,78,48,1
10,81,64,1
10,92,64,1
19,59,90,1
8,78,72,1
20,65,85,1
1,84,75,0
15,87,62,1
12,93,72,1
5,72,81,0
4,89,88,0
15,94,68,1
13,58,45,1
12,85,44,1
1,90,65,0
12,75,35,1
20,63,97,1
0,89,79,1
9,64,60,1
10,76,53,1
18,78,85,1
5,87,53,1
9,70,55,1
15,70,59,1
1,79,72,1
16,90,79,0
17,100,88,1
15,60,86,1
13,82,70,1
15,65,85,1
16,90,60,1
18,67,43,1
8,70,60,1
9,71,58,1
13,77,61,1
4,82,56,1
17,84,63,1
16,78,79,1
13,62,96,1
6,87,44,1
7,77,51,1
9,92,58,1
13,70,81,1
16,59,67,1
14,78,59,1
19,94,81,1
20,80,84,1
14,76,70,1
7,68,58,1
12,99,74,1
8,66,67,1
13,69,66,1
17,85,62,1
7,56,84,1
10,93,74,1
0,85,86,1
15,89,90,1
10,85,77,1
9,76,62,1
11,65,86,1
4,76,77,1
12,66,100,1
15,84,75,1
7,88,80,0
2,96,74,1
8,82,69,0
4,89,66,1
7,74,74,1
13,72,78,1
2,84,87,1
15,73,75,1
4,81,63,0
18,65,65,1
15,67,50,1
5,86,95,1
11,89,62,1
2,66,85,0
2,86,74,1
20,72,75,1
16,78,68,1
3,95,58,1
5,88,55,0
4,88,96,1
8,100,72,1
6,70,87,0
6,66,91,1
11,69,64,1
3,75,76,0
18,50,71,1
15,76,53,1
15,71,67,1
3,87,79,0
14,82,63,1
17,71,65,1
3,85,67,1
15,87,100,1
7,69,42,1
16,72,78,1
10,51,66,1
16,65,60,1
3,69,66,1
8,79,80,1
5,67,81,1
5,72,73,1
6,63,86,1
8,80,89,1
2,83,82,0
14,83,62,1
11,78,77,1
17,60,77,1
14,71,58,1
3,73,46,0
1,73,40,0
8,79,71,1
10,95,74,1
5,88,52,0
16,66,86,1
12,86,72,1
15,86,90,1
2,68,76,1
17,88,54,1
4,76,77,1
9,61,80,1
9,83,62,1
17,81,48,1
5,75,72,1
5,78,55,0
7,69,87,1
7,85,64,1
3,77,96,1
3,80,38,0
4,82,72,0
9,64,91,1
7,67,57,1
8,51,68,0
15,85,64,1
5,63,60,0
19,80,74,1
15,82,51,1
3,85,68,1
6,64,78,1
3,77,67,0
5,98,55,0
7,99,85,1
2,90,81,1
0,82,54,0
9,66,51,0
14,87,56,1
6,76,78,1
18,85,74,1
7,70,82,1
18,76,65,1
4,80,56,0
11,81,84,1
16,84,62,1
1,71,73,1
19,62,47,1
7,97,61,0
10,100,85,1
13,83,59,1
13,62,82,1
0,69,35,0
18,84,62,1
13,94,67,1
20,63,96,1
9,77,52,1
12,80,80,1
9,88,86,1
18,74,59,1
17,59,64,1
19,85,72,1
10,91,48,1
16,77,63,1
7,83,89,0
9,72,78,1
15,68,68,1
1,90,72,1
14,83,79,0
0,84,82,1
12,96,62,1
10,65,93,1
9,71,90,1
10,80,80,1
10,71,57,1
8,87,55,1
9,76,65,1
11,66,71,1
16,79,43,1
11,80,77,1
13,89,89,1
17,83,79,1
20,84,60,1
2,82,58,1
14,76,74,1
4,69,68,1
4,81,77,1
16,74,79,1
1,98,86,1
17,94,53,1
16,86,73,1
20,83,65,1
14,77,69,1
18,63,83,1
2,75,85,0
18,79,91,1
3,81,76,1
6,84,68,1
2,89,66,0
8,70,44,1
15,70,90,1
5,95,65,1
17,87,78,1
12,73,80,1
13,77,51,1
19,77,56,1
9,78,93,1
7,84,74,1
20,100,61,1
11,80,68,1
12,86,86,1
6,58,84,1
4,72,48,0
3,93,95,1
4,83,84,1
4,40,68,1
15,86,52,1
1,100,86,1
13,54,77,1
19,96,48,1
16,45,67,1
8,89,100,1
1,78,70,1
17,50,59,1
0,83,55,0
14,92,97,1
14,82,83,1
4,85,91,1
15,73,74,1
3,56,89,0
4,86,57,0
17,99,72,1
20,92,74,1
5,54,91,1
19,60,75,1
19,68,61,1
16,59,71,1
2,79,45,0
6,83,35,0
14,61,82,1
20,87,64,1
17,85,66,1
8,71,82,1
4,76,91,0
20,55,78,1
5,74,99,0
7,78,78,1
20,80,75,1
11,83,74,1
5,81,51,1
0,75,84,1
9,81,33,1
20,90,61,1
9,77,70,1
14,82,58,1
5,76,63,1
16,70,98,1
16,84,87,1
12,71,60,1
16,83,63,1
12,78,51,1
7,74,81,1
15,74,66,1
17,72,41,1
17,58,72,1
4,83,77,1
14,81,84,1
0,88,69,1
12,72,64,1
11,100,100,1
7,73,70,0
20,67,81,1
18,66,62,1
0,57,80,0
4,96,48,1
4,94,63,1
18,85,52,1
10,67,61,1
15,100,89,1
17,74,61,1
16,75,81,1
1,95,93,1
2,86,70,1
8,100,85,1
7,81,78,0
15,73,72,1
3,71,81,0
7,56,98,1
4,75,60,0
3,92,56,0
3,85,55,0
4,78,85,1
11,66,87,1
8,81,62,1
9,90,38,1
10,83,60,1
15,80,78,1
18,68,69,1
11,88,73,1
13,40,62,1
15,83,85,1
14,100,75,1
2,60,79,1
20,75,72,1
3,78,78,1
8,72,77,1
13,90,56,1
8,84,76,1
5,80,82,1
19,88,87,1
1,78,76,0
5,100,56,1
20,80,58,1
15,80,63,1
1,57,73,0
15,71,68,1
20,92,53,1
2,62,53,0
8,52,39,1
9,78,30,1
2,94,68,0
4,79,100,1
3,74,97,1
3,56,55,1
8,83,72,1
9,86,48,1
4,57,50,0
6,92,52,1
4,87,67,1
16,92,67,1
4,85,74,1
19,86,80,1
11,84,65,1
16,88,71,1
13,56,54,1
5,60,50,1
12,69,48,1
5,76,80,0
2,83,65,1
5,82,42,0
5,91,69,0
2,92,51,1
0,68,95,0
19,81,61,1
10,68,80,1
8,76,86,1
19,82,56,1
4,40,71,1
8,100,78,1
17,85,72,1
13,71,75,1
8,100,50,1
5,74,78,0
0,80,63,1
1,72,75,0
3,98,84,1
16,77,80,1
13,80,75,1
9,92,80,1
16,85,80,1
3,77,92,1
4,91,69,0
8,100,72,1
19,82,84,1
12,79,63,1
17,80,50,1
5,94,77,1
17,71,67,1
1,75,52,1
4,60,78,1
10,64,91,1
1,72,46,0
18,77,85,1
18,99,32,1
11,84,64,1
6,67,98,1
2,69,65,0
12,94,71,1
11,92,81,1
15,78,44,1
12,73,71,1
2,91,71,1
2,66,98,1
16,83,51,1
3,100,64,0
19,80,56,1
2,69,54,0
15,83,87,1
20,72,70,1
9,61,62,0
1,86,62,1
18,91,62,1
3,74,63,0
11,73,51,1
20,66,66,1
15,76,65,1
0,71,59,0
17,66,72,1
3,100,74,1
15,84,62,1
13,85,68,1
6,89,100,1
8,87,100,1
2,73,54,0
20,81,56,1
5,75,54,1
6,83,86,1
10,82,64,0
14,73,74,1
10,62,100,1
10,80,70,1
12,76,81,1
18,55,78,1
8,84,61,1
17,90,86,1
16,100,57,1
20,73,90,1
19,72,61,1
16,65,63,1
5,81,54,0
16,80,56,1
15,68,64,1
6,76,34,1
14,54,67,1
5,89,62,1
10,69,82,1
16,78,76,1
3,61,59,0
7,71,63,0
16,75,66,1
9,78,92,1
20,84,58,1
0,95,59,1
15,87,53,1
17,90,48,1
19,95,75,1
3,85,73,1
20,78,89,1
8,90,86,1
7,91,100,1
7,86,69,1
13,61,66,1
13,68,50,1
9,75,80,1
1,87,72,1
20,78,80,1
4,92,53,1
1,94,75,1
12,92,73,1
8,92,72,1
12,66,60,1
18,84,88,1
2,71,100,1
5,58,53,1
10,75,81,1
16,94,30,1
12,84,80,1
8,100,42,1
12,80,62,1
20,100,50,1
10,80,67,1
18,78,83,1
16,63,42,1
6,91,65,1
5,72,62,0
16,70,94,1
4,93,76,1
7,92,52,0
4,92,63,1
12,74,93,1
6,77,81,1
13,77,56,1
19,87,66,1
17,97,66,1
19,82,62,1
0,100,44,0
9,89,60,1
4,75,91,0
19,88,64,1
14,98,68,1
6,100,72,0
11,92,100,1
12,78,70,1
10,75,86,1
9,85,61,1
1,98,66,0
9,83,70,1
7,83,58,1
17,79,67,1
18,74,83,1
15,76,58,1
0,80,70,0
17,99,81,1
8,75,58,1
8,79,86,1
19,68,71,1
18,87,68,1
1,94,40,1
7,97,64,1
15,80,76,1
11,85,96,1
5,76,79,1
11,84,87,1
18,82,52,1
4,79,68,1
15,80,88,1
15,83,57,1
18,74,84,1
6,75,81,1
4,98,74,0
11,100,65,1
11,64,55,0
8,63,97,1
16,67,79,1
16,77,75,1
5,89,64,1
16,85,71,1
4,80,72,0
8,84,76,1
0,70,81,0
7,75,58,1
20,78,48,1
9,59,71,1
14,64,44,1
2,65,65,1
13,87,62,1
7,81,77,1
15,85,100,1
19,56,41,1
11,60,100,1
2,86,67,1
9,45,75,1
2,93,49,0
9,56,85,1
1,88,71,0
13,67,69,1
6,91,41,1
4,100,71,1
0,51,83,0
18,86,66,1
17,56,88,1
17,83,87,1
1,76,60,0
7,80,94,1
20,67,71,1
12,87,71,1
2,61,71,1
2,93,71,0
5,73,31,0
20,61,67,1
3,97,50,1
18,77,94,1
14,100,94,1
19,93,83,1
17,68,66,1
6,77,55,1
17,79,60,1
3,96,99,0
6,83,60,0
4,80,35,0
2,76,85,1
1,77,93,0
3,94,95,1
2,78,86,1
7,73,88,1
1,71,71,1
1,71,39,0
20,61,70,1
1,69,79,1
1,96,68,1
0,76,67,0
2,86,56,1
11,48,55,1
17,85,98,1
15,76,98,1
12,72,70,0
1,80,74,0
16,72,55,1
0,53,80,0
13,89,96,1
8,81,47,1
18,74,77,1
6,66,78,0
13,60,78,1
9,81,95,1
10,97,100,1
19,80,66,1
14,61,80,1
8,81,71,0
9,77,61,1
14,88,74,1
7,85,80,1
3,42,73,0
9,85,57,1
1,66,63,0
3,61,63,0
8,76,57,1
16,83,75,1
16,58,76,1
5,86,85,1
8,87,57,1
3,79,61,0
15,68,93,1
5,66,68,1
16,90,70,1
17,60,67,1
14,91,87,1
6,76,88,1
20,77,87,1
14,58,70,1
13,76,57,0
17,85,99,1
18,62,83,1
1,84,63,0
18,79,91,1
16,70,62,1
4,88,91,1
6,52,92,1
15,82,56,1
4,97,79,0
9,95,82,1
14,83,100,1
13,74,59,1
19,70,91,1
2,74,70,0
6,85,51,0
20,68,68,1
11,87,70,1
5,100,54,0
6,77,75,1
7,62,84,1
11,62,74,1
5,87,62,1
13,77,68,1
9,89,70,1
12,72,73,1
3,88,87,1
13,76,74,1
19,69,49,1
2,73,62,0
6,64,72,1
14,100,87,1
12,77,89,1
14,86,97,1
11,72,72,1
14,65,81,1
12,75,48,1
1,91,76,0
15,72,54,1
9,68,69,1
1,80,100,1
8,84,75,1
9,98,57,1
1,82,76,1
20,86,62,1
4,87,56,0
6,64,100,1
9,66,86,0
17,65,75,1
15,62,64,1
16,88,65,1
4,81,93,1
17,79,75,1
17,47,30,1
9,100,100,1
11,67,73,1
0,100,75,0
15,61,86,1
20,68,77,1
9,52,81,1
11,82,64,1
10,65,52,1
1,65,74,1
13,62,91,1
15,87,60,1
19,87,59,1
19,100,88,1
10,70,63,0
20,81,64,1
11,63,64,0
13,74,69,1
12,72,46,1
20,84,62,1
15,90,73,1
2,90,73,1
1,68,87,1
8,90,98,1
10,77,93,1
14,74,84,1
10,69,68,1
10,71,61,1
19,99,70,1
7,82,79,1
10,80,82,1
11,75,79,1
9,100,68,1
20,94,82,1
20,69,89,1
10,75,83,1
9,75,70,1
12,80,57,1
3,70,57,1
8,83,60,0
4,95,74,1
3,62,78,1
1,64,49,0
12,72,62,1
0,73,74,0
13,100,57,1
9,90,77,1
7,89,65,1
16,75,59,1
11,75,71,1
15,61,76,1
14,87,57,1
0,84,66,1
4,93,77,1
11,75,59,1
20,76,45,1
3,80,47,0
2,89,64,0
19,60,50,1
20,87,65,1
3,78,95,1
8,65,49,1
13,53,66,1
4,76,100,1
6,95,76,1
8,98,64,1
13,82,68,1
6,100,76,1
8,77,95,1
6,89,62,1
15,73,59,1
3,72,49,0
4,70,72,0
5,53,49,0
19,93,63,1
19,70,56,1
10,68,86,1
3,64,62,1
15,76,76,1
10,99,46,1
17,100,72,1
7,58,52,0
20,74,64,1
16,66,100,1
4,90,84,1
15,81,68,1
6,70,100,1
7,79,56,1
5,72,87,0
14,97,47,1
5,85,66,1
13,86,50,0
12,46,74,1
15,77,71,1
20,100,65,1
0,94,86,1
20,56,61,1
2,74,75,1
11,64,82,1
7,99,48,1
13,81,59,1
15,69,71,1
18,78,79,1
8,47,91,1
19,65,67,1
6,78,65,0
4,88,57,1
7,55,75,0
11,73,66,1
14,90,66,1
17,61,69,1
4,81,78,0
6,79,62,1
19,99,58,1
9,75,76,1
5,76,30,0
20,88,61,1
9,62,53,1
20,75,88,1
19,73,63,1
19,76,62,1
12,88,69,1
16,85,61,0
20,69,64,1
5,80,71,1
0,96,64,1
6,68,64,1
13,80,55,1
11,76,53,1
1,77,71,0
11,58,75,1
3,95,49,1
10,69,81,0
12,90,81,1
13,71,85,1
8,70,74,1
8,93,80,1
14,90,100,1
15,81,65,1
16,87,54,1
7,75,47,1
8,78,96,1
6,70,97,1
11,89,56,1
2,70,59,0
9,96,65,0
3,74,88,0
11,78,51,1
17,87,41,1
20,78,100,1
9,74,75,1
1,78,77,0
4,89,67,1
2,70,77,0
15,76,47,1
20,78,57,1
11,88,72,1
3,77,36,1
0,100,65,0
20,76,65,1
6,75,65,1
2,76,62,1
3,62,55,1
5,66,43,1
13,72,72,1
18,92,65,1
5,78,49,1
14,72,71,1
1,93,66,0
0,97,63,1
1,93,38,0
19,68,80,1
12,72,52,0
16,100,71,1
0,81,58,1
0,75,64,1
17,87,87,1
2,90,78,0
3,71,87,1
10,81,75,1
12,89,76,1
4,64,43,1
9,78,65,1
14,65,67,1
9,66,88,1
8,71,62,1
1,84,74,0
9,74,73,1
16,70,87,1
13,79,68,1
18,64,82,1
2,83,44,0
0,92,46,1
11,77,36,0
3,76,82,0
12,82,80,1
18,54,83,1
7,84,60,1
11,100,62,1
14,77,68,1
3,77,92,0
18,87,95,1
4,98,82,1
16,90,75,1
13,52,90,1
2,85,66,1
15,100,64,1
4,85,68,0
12,64,55,1
20,81,67,1
20,63,53,1
18,93,85,1
10,67,78,1
11,79,91,1
6,68,46,0
19,71,99,1
10,96,46,1
16,79,52,1
7,71,61,0
15,64,90,1
4,56,73,1
15,63,66,1
0,79,58,0
2,90,49,0
7,71,87,1
10,97,82,1
14,69,90,1
7,75,76,0
0,65,30,0
6,90,51,0
9,100,77,1
11,57,64,0
13,74,62,1
5,93,53,1
12,61,84,1
13,85,77,1
16,93,78,1
10,79,60,1
17,85,73,1
4,99,50,1
14,100,68,1
0,77,32,0
2,72,46,0
18,67,65,1
9,90,100,1
13,62,43,1
12,75,51,1
14,79,73,1
5,72,97,1
3,81,73,1
0,100,81,0
18,77,65,1
4,73,62,0
12,90,71,1
9,81,60,1
3,95,81,1
8,80,46,1
1,75,83,1
3,57,71,1
2,59,67,1
17,56,45,1
11,83,55,1
19,62,88,1
9,93,67,1
4,78,74,0
12,75,57,1
19,68,70,1
11,85,49,1
0,68,71,0
6,66,76,0
19,92,75,1
10,82,56,1
19,75,65,1
10,86,78,1
0,78,67,0
18,83,66,1
16,68,99,1
15,100,56,1
20,71,86,1
4,97,53,1
19,76,80,1
4,88,81,1
20,87,62,1
4,92,52,1
11,68,40,1
16,91,61,1
1,100,78,1
1,75,54,1
17,78,71,1
1,72,48,1
12,74,66,1
19,99,53,1
12,66,69,1
10,67,62,1
8,97,52,1
13,85,60,1
12,100,56,1
10,73,50,1
3,80,86,1
13,70,65,1
15,80,37,1
14,57,61,1
1,86,84,1
14,82,59,0
15,77,92,1
3,73,57,1
17,67,78,1
11,87,86,1
9,64,77,1
15,84,49,1
10,100,56,1
11,96,88,1
6,60,58,1
19,72,85,1
20,83,64,1
2,77,72,0
15,61,49,1
0,83,61,1
7,78,57,1
20,100,73,1
3,75,71,0
7,92,77,1
4,63,63,1
15,66,56,1
9,87,73,1
12,91,55,1
19,67,86,1
10,78,68,1
15,61,65,1
2,76,77,1
4,88,69,1
19,73,45,1
18,75,54,1
13,64,86,1
7,70,71,0
4,99,45,1
17,79,75,1
16,66,62,1
5,74,57,1
12,59,53,1
12,66,85,1
10,94,41,1
19,76,57,1
2,100,72,0
5,77,94,1
1,78,78,0
14,86,57,1
13,46,93,1
20,80,50,1
11,77,74,1
3,96,77,0
9,90,57,1
1,64,80,0
14,93,62,1
14,75,80,1
18,67,42,1
7,80,75,1
6,76,64,1
1,96,87,1
8,82,69,0
9,80,89,1
15,89,78,1
15,91,68,1
2,87,82,0
5,95,82,1
10,85,77,1
7,80,36,1
0,93,55,0
17,77,91,1
15,78,51,1
10,99,83,1
6,97,81,1
17,78,59,1
0,73,40,0
9,96,61,1
16,88,100,1
20,82,57,1
5,74,58,0
13,82,55,1
3,78,88,0
2,70,66,0
7,80,61,0
18,81,91,1
14,73,79,1
10,89,56,1
5,93,52,1
2,90,87,0
5,75,70,0
3,87,47,0
3,79,43,0
14,63,53,1
2,86,51,0
0,80,39,0
11,100,54,1
6,95,56,1
9,87,63,1
2,81,95,0
4,80,66,0
9,66,67,1
14,57,78,1
8,68,66,1
11,77,76,1
10,53,74,1
5,71,72,1
5,75,100,1
8,75,84,1
0,70,54,0
14,74,76,1
12,99,58,1
6,86,77,1
7,71,49,1
6,77,53,1
13,78,75,1
15,69,85,1
2,69,78,0
8,90,83,1
0,73,76,0
9,65,73,1
5,77,62,0
7,79,82,1
9,54,85,1
6,78,69,1
8,88,68,1
16,83,94,1
17,100,70,1
0,93,71,0
7,95,77,1
17,100,69,1
11,87,58,1
4,80,76,1
12,90,69,0
3,71,98,0
0,79,82,1
13,70,61,1
10,83,81,1
15,70,75,1
7,70,90,0
17,83,62,1
8,76,73,1
15,55,69,1
2,61,71,0
2,64,57,0
16,67,79,1
17,83,76,1
19,81,89,1
6,91,70,1
0,87,64,1
20,91,82,1
12,85,58,1
5,81,86,1
16,91,86,1
18,89,89,1
5,83,76,1
16,93,63,1
16,50,72,1
10,75,76,1
13,74,62,1
5,92,90,1
19,97,79,1
20,61,57,1
20,95,98,1
15,64,71,1
0,64,54,0
7,75,58,0
9,74,92,1
20,59,97,1
11,86,85,1
11,86,90,1
3,91,88,1
16,73,78,1
7,78,75,1
1,78,78,1
20,98,81,1
3,44,59,1
0,67,81,1
1,78,92,1
9,65,67,1
2,75,65,1
17,76,77,1
10,70,60,1
6,79,50,1
0,86,87,0
10,75,63,1
3,73,70,0
20,76,61,1
6,78,89,1
9,57,83,0
0,84,66,1
2,73,52,0
4,93,65,1
1,85,79,0
15,92,73,1
19,66,72,1
20,74,73,1
5,63,81,1
16,70,69,1
10,93,77,1
0,96,55,1
1,64,100,0
11,73,66,1
8,77,73,1
0,85,78,1
19,57,64,1
15,59,70,1
10,84,70,1
20,55,56,1
20,73,77,1
20,80,45,1
5,83,96,1
18,76,82,1
10,74,80,1
15,88,44,1
18,81,58,1
3,70,91,1
9,78,100,1
2,83,88,0
5,99,86,1
8,87,78,1
17,93,57,1
18,71,85,1
8,72,53,1
6,75,52,0
11,76,51,1
19,66,85,1
20,93,69,1
4,89,72,1
3,74,70,0
14,86,53,1
6,81,60,0
4,87,61,1
0,62,49,0
8,76,62,1
8,77,54,1
11,85,79,1
4,70,80,1
15,48,51,1
14,65,66,1
9,77,98,1
3,79,55,0
10,98,76,1
14,85,72,1
7,79,86,1
5,78,74,0
10,91,64,1
7,71,71,1
8,76,71,1
7,65,69,1
6,95,50,1
15,83,89,1
9,70,86,1
9,77,54,0
13,84,65,1
7,75,67,1
2,72,53,0
17,70,42,1
1,82,60,1
12,74,65,0
5,73,48,0
4,62,73,0
0,79,87,0
18,76,83,1
9,74,68,1
7,80,42,0
15,87,81,1
0,86,72,0
11,85,76,1
10,75,99,1
11,71,58,1
2,65,30,0
20,71,54,1
5,78,77,1
14,69,70,1
15,79,52,1
7,66,49,1
2,58,65,0
6,88,51,0
16,72,78,1
19,68,64,1
19,65,61,1
4,83,59,1
12,94,74,1
3,73,71,0
14,75,73,1
8,91,73,1
14,56,69,1
14,100,55,1
20,100,59,1
10,46,64,0
7,77,100,1
11,69,50,1
3,75,64,1
2,73,71,1
10,88,65,1
17,77,86,1
11,67,65,1
16,76,66,1
3,84,82,1
9,64,97,1
12,58,91,0
7,100,68,1
0,70,69,0
1,76,71,0
19,73,72,1
12,85,57,1
5,99,84,1
5,85,73,1
0,60,69,0
19,61,51,1
2,73,71,1
15,75,42,1
5,57,61,1
7,88,62,0
5,65,74,1
17,96,98,1
0,100,79,0
7,75,92,1
5,83,80,1
5,63,87,1
4,85,98,1
19,72,59,1
7,65,58,1
8,75,80,1
8,72,70,1
20,74,73,1
7,89,66,1
7,69,61,0
6,99,94,1
6,62,54,1
1,97,80,1
12,66,78,1
0,78,46,0
4,72,58,1
4,74,60,1
6,88,78,1
15,96,64,1
12,92,69,1
20,73,48,1
7,80,100,1
19,69,71,1
0,66,77,1
10,64,62,1
16,73,60,1
11,81,99,1
19,55,41,1
6,77,74,1
0,96,52,0
16,91,64,1
1,71,60,0
16,61,55,1
15,84,71,1
17,50,31,1
10,91,65,1
18,75,69,1
3,100,50,1
9,57,93,1
2,89,61,1
16,77,66,1
14,74,61,1
16,62,69,1
16,85,90,1
6,86,100,1
1,99,81,1
19,90,86,1
10,71,96,1
1,66,74,0
19,62,94,1
20,96,82,1
9,69,72,1
16,96,75,1
0,84,43,0
1,82,74,1
5,74,47,1
13,86,46,1
2,78,73,0
0,74,53,0
14,86,70,1
16,76,72,1
15,68,73,1
16,85,56,1
16,77,83,1
12,84,69,1
10,73,77,1
17,63,52,1
7,99,67,1
2,97,86,1
15,89,85,1
5,73,58,0
20,74,62,1
8,95,55,1
17,74,60,1
0,70,49,0
13,100,68,1
9,77,79,1
9,99,58,1
5,61,69,0
20,84,67,1
8,100,86,1
17,78,61,1
8,75,61,1
1,64,57,0
18,91,53,1
3,69,78,1
5,77,68,1
18,63,71,1
18,97,89,1
19,92,90,1
8,78,45,1
15,64,80,1
6,96,73,1
15,74,63,1
10,65,75,1
1,57,44,0
8,70,92,1
9,61,78,1
5,71,57,0
7,87,61,0
10,73,44,1
1,82,65,0
3,69,63,0
16,79,50,1
7,100,82,1
12,74,89,1
11,83,70,1
11,59,65,1
8,96,77,1
10,72,70,1
17,91,54,1
20,77,60,1
5,85,66,1
14,86,74,1
20,73,70,1
0,91,73,1
16,69,47,1
10,87,80,1
20,73,70,1
12,82,100,1
17,72,64,1
3,79,75,0
2,65,100,1
19,81,73,1
11,79,69,1
11,72,55,1
3,77,93,1
4,80,53,1
17,71,76,1
6,76,63,1
12,66,67,1
6,100,49,1
5,91,90,0
3,81,66,0
19,92,52,1
19,54,89,1
2,47,62,0
7,73,75,0
11,61,83,1
8,75,77,1
15,80,37,1
5,89,80,1
1,64,68,1
7,83,65,0
12,78,68,1
3,82,46,1
17,72,73,1
0,95,50,0
1,77,66,0
10,99,72,0
10,69,86,1
6,87,58,0
5,77,92,1
1,74,84,1
13,86,64,1
7,74,53,1
2,46,48,0
8,41,74,0
19,93,59,1
5,93,88,0
18,100,60,1
5,78,56,1
3,62,74,1
5,73,60,1
6,78,70,1
2,66,85,0
12,98,72,1
7,100,72,1
15,84,73,1
10,78,45,1
9,62,76,1
9,97,72,0
3,79,83,1
14,75,79,1
2,84,67,1
15,71,85,1
20,80,66,1
16,61,74,1
9,91,65,1
6,77,77,0
18,92,64,1
5,76,95,0
10,76,100,1
16,63,83,1
19,87,93,1
19,67,47,1
1,72,49,0
18,78,65,1
2,79,71,0
12,58,67,1
19,75,45,1
13,88,87,1
19,73,100,1
7,75,89,0
6,80,86,1
6,76,73,1
7,66,57,1
14,78,71,1
9,90,100,1
15,65,65,1
8,74,63,1
6,61,87,0
3,89,88,1
11,77,57,1
18,68,66,1
18,79,62,1
5,64,71,1
10,66,87,1
14,60,58,1
12,65,86,1
1,94,72,1
12,69,100,1
0,84,75,0
2,68,69,0
13,87,79,1
2,66,65,0
7,78,43,0
12,79,66,1
13,100,66,1
9,86,46,1
1,71,69,1
16,86,39,1
19,100,65,1
18,58,74,1
15,68,71,1
8,75,64,0
18,73,69,1
10,74,58,1
2,62,70,1
17,95,71,1
6,61,56,1
19,76,74,1
7,91,74,1
18,78,68,1
11,66,100,1
9,62,68,1
6,75,66,1
17,69,64,1
1,80,55,1
9,61,80,1
7,88,60,1
11,79,61,1
5,80,62,1
13,95,55,1
8,73,44,1
3,69,63,0
4,71,83,1
14,76,73,1
5,77,93,1
6,68,81,1
13,54,78,1
6,71,98,1
8,82,69,1
5,80,71,1
7,92,70,1
14,100,93,1
11,87,70,1
20,95,60,1
16,87,79,1
0,99,58,0
7,100,78,1
6,89,76,1
12,86,67,1
5,76,78,1
20,78,48,1
6,74,72,1
10,85,63,1
2,69,100,1
19,76,72,1
19,50,61,1
16,99,49,1
7,75,90,1
1,83,65,0
14,95,58,1
9,82,75,1
20,95,80,1
14,63,80,1
11,100,70,1
20,91,72,1
16,81,73,1
9,95,75,1
0,64,76,1
1,75,86,1
9,95,71,1
11,56,58,0
0,85,68,1
2,84,81,1
14,100,43,1
15,59,43,1
0,97,84,1
10,71,93,1
1,73,51,0
15,63,72,1
17,65,64,1
18,83,66,1
12,65,75,1
13,87,51,1
19,70,53,1
12,63,65,1
9,72,68,1
15,82,53,1
12,75,82,1
17,78,64,1
11,86,64,1
18,91,74,1
0,74,68,1
0,65,83,1
2,79,56,0
11,84,49,1
14,60,65,1
4,67,71,1
3,69,51,0
18,76,49,1
15,69,73,1
13,86,59,1
10,59,48,1
8,59,84,1
0,74,61,1
3,76,87,1
18,61,70,1
7,71,74,1
14,73,67,1
14,73,30,1
6,80,53,1
4,70,68,0
14,96,75,1
1,84,43,1
10,68,69,1
18,79,53,1
14,79,74,1
16,93,70,1
1,71,81,1
4,87,86,1
5,79,77,0
6,96,83,1
4,93,65,0
20,80,100,1
3,75,52,1
14,84,62,1
12,76,84,1
12,98,81,1
4,79,77,1
6,73,80,0
12,72,39,1
6,63,94,0
14,85,67,1
0,68,89,0
1,91,39,0
15,62,74,0
12,80,62,1
0,92,79,0
18,52,75,1
0,100,75,0
20,73,54,1
15,80,69,1
20,85,67,1
19,87,77,1
6,81,85,1
15,90,72,1
4,84,51,1
9,99,72,1
5,84,100,1
10,100,95,1
18,89,30,1
9,56,71,1
1,100,84,0
6,71,67,0
16,96,63,1
10,78,66,1
11,91,78,1
9,70,53,1
6,86,88,1
12,75,69,0
13,97,56,1
18,83,87,1
12,89,47,1
20,52,62,1
17,77,61,1
1,83,100,1
8,81,60,0
8,90,38,1
0,74,61,0
3,79,77,1
16,92,82,1
7,51,100,1
3,85,91,1
6,74,73,1
5,67,57,1
3,82,94,1
2,93,64,0
16,90,60,1
17,76,64,1
10,89,51,1
12,88,63,1
19,77,67,1
17,70,81,1
0,70,64,1
20,88,51,1
1,77,46,0
0,65,73,1
8,58,71,0
15,88,62,1
1,71,63,0
6,82,76,1
5,93,91,1
8,62,58,1
20,77,71,1
6,76,84,1
4,83,58,1
2,93,70,0
4,62,69,0
2,85,50,1
12,90,73,1
8,76,70,1
10,76,78,1
17,83,52,1
12,82,70,1
3,85,91,1
7,85,100,1
6,66,89,1
17,90,52,1
6,92,77,1
2,80,63,1
15,60,74,1
8,77,58,0
2,80,44,0
14,64,65,1
4,74,81,0
18,61,74,1
17,85,76,1
7,80,73,1
11,58,76,1
11,82,78,1
13,77,66,1
1,84,71,1
6,73,96,1
3,68,72,0
14,69,71,1
1,72,72,0
10,78,67,1
15,80,63,1
19,76,73,1
6,73,62,0
0,74,68,0
15,100,58,1
0,69,72,0
1,71,79,1
20,100,67,1
18,83,40,1
14,61,79,1
17,88,72,1
1,67,55,0
1,89,82,1
6,75,49,0
0,73,86,1
18,97,69,1
1,85,36,1
11,90,73,1
17,83,64,1
15,73,62,1
4,85,59,1
9,93,68,1
11,80,63,1
16,100,42,1
8,88,89,1
5,81,66,0
16,81,59,1
18,80,53,1
10,63,82,1
0,77,51,0
10,81,72,1
18,73,61,1
20,82,62,1
8,78,53,1
3,87,61,1
12,86,70,1
17,80,74,1
19,62,58,1
1,99,69,0
6,76,83,1
10,77,45,1
2,74,70,0
18,72,56,1
2,97,54,0
13,95,74,1
19,83,62,1
14,77,52,1
16,85,90,1
5,79,84,1
17,76,41,1
8,82,48,1
1,73,79,1
7,81,66,1
7,80,93,1
10,85,79,1
5,71,74,1
9,87,55,1
8,67,77,1
6,71,51,1
14,72,90,1
6,65,76,0
16,90,58,1
5,66,82,1
18,70,100,1
7,93,67,1
0,71,78,1
3,76,64,1
16,66,71,1
18,88,47,1
4,88,70,1
12,87,71,1
12,84,97,1
2,79,43,0
9,72,66,0
14,68,89,1
20,93,66,1
17,87,67,1
2,70,58,1
4,78,56,0
9,74,43,1
3,64,61,0
11,80,55,1
0,73,72,0
2,67,58,0
0,60,63,0
6,59,63,0
16,74,69,1
3,77,62,0
20,67,54,1
5,86,71,0
0,77,86,1
7,85,72,1
15,76,61,1
2,69,68,1
1,79,39,0
17,63,68,1
12,84,64,1
7,67,56,1
15,89,59,1
17,74,64,1
7,91,85,1
11,65,86,0
0,70,56,1
6,83,62,1
12,92,63,1
4,98,82,1
20,78,72,1
20,100,71,1
5,75,78,1
8,91,61,1
3,67,90,1
10,83,70,1
2,50,57,0
8,65,67,1
11,84,88,1
12,62,64,1
12,83,84,1
4,89,61,1
16,72,59,1
14,66,80,1
15,72,57,1
9,66,82,1
18,77,75,1
8,79,57,1
16,74,69,1
4,98,62,1
5,69,75,1
11,95,98,1
11,66,64,1
15,79,78,1
6,92,70,1
18,92,70,1
6,73,68,0
11,85,57,1
19,83,75,1
11,72,66,1
14,85,56,1
19,100,85,1
20,84,71,1
10,85,67,0
8,86,90,1
4,60,42,1
11,84,89,1
19,66,57,1
10,71,73,1
7,100,61,1
2,75,56,0
8,69,90,1
4,92,98,1
20,67,67,1
11,73,75,1
2,93,71,0
1,79,96,1
17,59,38,1
19,85,76,1
16,73,59,1
2,96,35,1
2,71,65,0
4,91,98,1
15,99,60,0
16,68,82,1
17,76,88,1
2,83,70,1
3,68,72,0
18,81,44,1
19,75,59,1
15,75,84,1
2,79,71,1
1,79,76,0
1,80,72,1
14,71,100,1
17,71,64,1
13,77,94,1
5,77,72,1
15,73,95,1
1,82,52,0
17,56,73,1
18,69,64,1
15,75,72,1
18,68,88,1
12,98,76,1
9,78,88,1
6,80,60,1
19,72,58,1
14,78,70,1
4,63,69,0
20,76,67,1
1,67,56,0
12,75,88,1
4,47,65,0
13,64,91,1
8,96,70,1
9,88,80,1
14,94,78,1
15,95,58,1
7,86,76,1
20,73,99,1
10,66,74,1
3,92,84,1
0,79,80,1
4,100,75,1
14,74,73,1
11,100,78,1
7,76,81,1
10,94,50,1
17,98,74,1
12,66,67,1
1,72,64,0
1,66,89,1
10,63,59,1
8,86,49,0
17,76,82,1
12,79,49,1
15,85,41,1
12,56,84,1
7,93,72,1
13,74,77,1
13,84,63,1
15,85,49,1
3,94,52,0
13,77,66,1
5,53,51,1
16,79,75,1
16,80,63,1
13,66,73,1
19,80,72,1
11,74,76,1
0,62,77,0
12,86,65,1
16,71,73,1
2,73,74,1
2,72,34,0
5,93,80,1
17,78,72,1
11,79,78,1
20,73,51,1
18,84,65,1
11,94,54,1
14,86,81,1
6,86,49,1
1,85,56,0
8,61,78,1
12,67,61,1
3,76,56,1
4,69,84,0
0,65,84,1
15,56,81,1
18,62,83,1
17,75,67,1
7,77,67,0
12,68,60,1
20,79,73,1
12,73,62,1
6,91,64,1
7,76,79,1
15,86,88,1
9,80,76,0
17,61,97,1
18,77,59,1
0,63,42,0
15,77,81,1
7,69,58,1
10,83,66,1
5,62,43,1
7,78,57,1
6,85,47,1
1,89,63,1
16,69,64,1
3,78,71,0
7,80,89,1
4,97,80,1
3,60,46,0
7,67,79,1
19,100,72,1
19,75,69,1
8,55,70,1
10,71,73,0
20,45,60,1
4,81,67,0
19,88,88,1
2,67,59,1
4,72,55,0
7,89,69,0
0,57,53,0
17,62,44,1
17,75,65,1
8,69,92,0
17,74,69,1
16,63,73,1
16,81,38,1
16,76,77,1
12,85,71,1
2,80,60,0
19,80,73,1
12,61,73,1
18,84,54,1
20,74,75,1
3,76,88,0
8,91,67,1
4,69,57,0
1,94,67,0
20,95,83,1
19,87,52,1
19,66,79,1
18,52,60,1
13,91,74,1
10,79,62,0
20,69,61,1
11,92,93,1
13,68,49,1
4,73,77,1
15,84,96,1
17,65,80,1
14,77,50,1
10,91,51,1
